{"extensionType":"field_faas","i18nMap":{"zh-CN":{"currency_label":"货币","currency_type":"当前货币类型","convert_currency":"选择转换货币","CNY":"人民币","USD":"美元","EUR":"欧元","GBP":"英镑","AUD":"澳大利亚元","AED":"阿联酋迪拉姆","BRL":"巴西雷亚尔","CAD":"加拿大元","CHF":"瑞士法郎","HKD":"港元","INR":"印度卢比","JPY":"日元","KRW":"韩元","MOP":"澳门元","MXN":"墨西哥比索"},"en-US":{"currency_label":"Currency","currency_type":"Currency Type","convert_currency":"Select the currency to convert","CNY":"RMB","USD":"Dollar","EUR":"EUR","GBP":"GBP","AUD":"Australian dollar","AED":"United Arab Emirates dirham","BRL":"Brazilian Real","CAD":"Canadian dollar","CHF":"Swiss franc","HKD":"Hong Kong dollar","INR":"Indian Rupee","JPY":"JPY","KRW":"Won","MOP":"Macau Pataca","MXN":"Mexican peso"},"ja-JP":{"currency_label":"通貨","currency_type":"通貨タイプ","convert_currency":"変換する通貨を選択してください","CNY":"人民元","USD":"米ドル","EUR":"ユーロ","GBP":"ポンド","AUD":"豪ドル","AED":"アラブ首長国連邦ディラム","BRL":"ブラジルレアル","CAD":"カナダドル","CHF":"スイスフラン","HKD":"香港ドル"}},"fields":[{"fieldType":2,"uiSchema":{"fieldsConfigEditor":{"component":"OpenFieldMetaEditor","props":{"schema":{"items":[{"key":"currency_label","label":"${{currency_label}}","component":"FieldSelect","props":{"supportType":[2]},"validator":{"required":true}},{"key":"currency_type","label":"${{currency_type}}","component":"SingleSelect","props":{"options":[{"label":"${{CNY}}","value":"CNY"},{"label":"${{USD}}","value":"USD"},{"label":"${{EUR}}","value":"EUR"},{"label":"${{GBP}}","value":"GBP"},{"label":"${{AUD}}","value":"AUD"},{"label":"${{AED}}","value":"AED"},{"label":"${{BRL}}","value":"BRL"},{"label":"${{CAD}}","value":"CAD"},{"label":"${{CHF}}","value":"CHF"},{"label":"${{HKD}}","value":"HKD"},{"label":"${{INR}}","value":"INR"},{"label":"${{JPY}}","value":"JPY"},{"label":"${{KRW}}","value":"KRW"},{"label":"${{MOP}}","value":"MOP"},{"label":"${{MXN}}","value":"MXN"}]},"validator":{"required":true}},{"key":"convert_currency","label":"${{convert_currency}}","component":"SingleSelect","props":{"options":[{"label":"${{CNY}}","value":"CNY"},{"label":"${{USD}}","value":"USD"},{"label":"${{EUR}}","value":"EUR"},{"label":"${{GBP}}","value":"GBP"},{"label":"${{AUD}}","value":"AUD"},{"label":"${{AED}}","value":"AED"},{"label":"${{BRL}}","value":"BRL"},{"label":"${{CAD}}","value":"CAD"},{"label":"${{CHF}}","value":"CHF"},{"label":"${{HKD}}","value":"HKD"},{"label":"${{INR}}","value":"INR"},{"label":"${{JPY}}","value":"JPY"},{"label":"${{KRW}}","value":"KRW"},{"label":"${{MOP}}","value":"MOP"},{"label":"${{MXN}}","value":"MXN"}]},"validator":{"required":true}}]}}}},"presetFieldConfig":{"fieldProperty":{"propertyType":2,"properties":[]},"externalEditorConfig":{}}}]}